Workbook
Name LANG: INFO!$B$2

Sheet INFO
A1: CPS 中国办公室订单 Excel
A2: Language / 语言 | B2: CN
A3: 模板版本 | B3: v1.0
A4: 修订日期 | B4: 2026-04-23
A5: 订单信息
A6: =VLOOKUP("order_code",_LABELS!$A:$C,IF(LANG="EN",2,3),FALSE) -> 订单编号 | B6: 260423 | C6: * 必填
A7: =VLOOKUP("supplier_name",_LABELS!$A:$C,IF(LANG="EN",2,3),FALSE) -> 供应商名称 | B7: 东莞灯厂 | C7: * 必填
A8: =VLOOKUP("supplier_contact",_LABELS!$A:$C,IF(LANG="EN",2,3),FALSE) -> 供应商联系
A9: =VLOOKUP("total_container_count",_LABELS!$A:$C,IF(LANG="EN",2,3),FALSE) -> 总集装箱数 | B9: 15 | C9: * 必填
A10: =VLOOKUP("currency",_LABELS!$A:$C,IF(LANG="EN",2,3),FALSE) -> 货币 | B10: USD | C10: * 必填
A11: =VLOOKUP("currency_rate",_LABELS!$A:$C,IF(LANG="EN",2,3),FALSE) -> 汇率 (可选)
A12: =VLOOKUP("shipment_type",_LABELS!$A:$C,IF(LANG="EN",2,3),FALSE) -> 运输类型 | B12: SEA | C12: * 必填
A13: =VLOOKUP("expected_etd",_LABELS!$A:$C,IF(LANG="EN",2,3),FALSE) -> 预计发货日期 | B13: 46152
A14: =VLOOKUP("expected_eta",_LABELS!$A:$C,IF(LANG="EN",2,3),FALSE) -> 预计到港日期 | B14: 46183
A15: =VLOOKUP("loading_port",_LABELS!$A:$C,IF(LANG="EN",2,3),FALSE) -> 装货港 | B15: 广州南沙
A16: =VLOOKUP("discharge_port",_LABELS!$A:$C,IF(LANG="EN",2,3),FALSE) -> 卸货港 | B16: 土耳其伊斯坦布尔
A17: =VLOOKUP("notes",_LABELS!$A:$C,IF(LANG="EN",2,3),FALSE) -> 备注

Sheet _LABELS
A1: Key | B1: EN | C1: CN
A2: title | B2: CPS Çin Ofis Sipariş Excel | C2: CPS 中国办公室订单 Excel
A3: language | B3: Language / 语言 | C3: Language / 语言
A4: template_version | B4: Template Version | C4: 模板版本
A5: revision_date | B5: Revision Date | C5: 修订日期
A6: info_title | B6: ORDER INFORMATION | C6: 订单信息
A7: order_code | B7: Order Code | C7: 订单编号
A8: supplier_name | B8: Supplier Name | C8: 供应商名称
A9: supplier_contact | B9: Supplier Contact | C9: 供应商联系
A10: total_container_count | B10: Total Container Count | C10: 总集装箱数
A11: currency | B11: Currency | C11: 货币
A12: currency_rate | B12: Currency Rate (optional) | C12: 汇率 (可选)
... A49: file_description | B49: Description | C49: 描述

Sheet ITEMS
A1: 项目明细 (按集装箱)
A2: =VLOOKUP("line_no",_LABELS!$A:$C,IF(LANG="EN",2,3),FALSE) -> 行号 | B2: =VLOOKUP("container_group",_LABELS!$A:$C,IF(LANG="EN",2,3),FALSE) -> 集装箱组 | C2: =VLOOKUP("container_type",_LABELS!$A:$C,IF(LANG="EN",2,3),FALSE) -> 集装箱类型 | D2: =VLOOKUP("container_qty",_LABELS!$A:$C,IF(LANG="EN",2,3),FALSE) -> 集装箱数量 | E2: =VLOOKUP("quality",_LABELS!$A:$C,IF(LANG="EN",2,3),FALSE) -> 质量 | F2: =VLOOKUP("product_name",_LABELS!$A:$C,IF(LANG="EN",2,3),FALSE) -> 产品名称 | G2: =VLOOKUP("description",_LABELS!$A:$C,IF(LANG="EN",2,3),FALSE) -> 说明 | H2: =VLOOKUP("qty",_LABELS!$A:$C,IF(LANG="EN",2,3),FALSE) -> 数量 | I2: =VLOOKUP("unit",_LABELS!$A:$C,IF(LANG="EN",2,3),FALSE) -> 单位 | J2: =VLOOKUP("unit_price",_LABELS!$A:$C,IF(LANG="EN",2,3),FALSE) -> 单价 | K2: =VLOOKUP("weight_kg",_LABELS!$A:$C,IF(LANG="EN",2,3),FALSE) -> 重量 (公斤)
A3: 1 | C3: Break Bulk | D3: 0.5cbm | E3: Main | F3: ligthing white color | H3: 15000 | I3: pair | J3: =3.55*1.03 -> 3.6565 | K3: =28*15 -> 420

Sheet PAYMENT
A1: 付款计划
A2: =VLOOKUP("installment",_LABELS!$A:$C,IF(LANG="EN",2,3),FALSE) -> # | B2: =VLOOKUP("payment_type",_LABELS!$A:$C,IF(LANG="EN",2,3),FALSE) -> 类型 | C2: =VLOOKUP("ratio",_LABELS!$A:$C,IF(LANG="EN",2,3),FALSE) -> 比率 (%) | D2: =VLOOKUP("amount",_LABELS!$A:$C,IF(LANG="EN",2,3),FALSE) -> 金额 | E2: =VLOOKUP("due_date",_LABELS!$A:$C,IF(LANG="EN",2,3),FALSE) -> 到期日 | F2: =VLOOKUP("trigger",_LABELS!$A:$C,IF(LANG="EN",2,3),FALSE) -> 触发事件 | G2: =VLOOKUP("notes",_LABELS!$A:$C,IF(LANG="EN",2,3),FALSE) -> 备注
B3: Pre-shipment TT | C3: 100 | D3: =3.55*1.03/6.8*15000 -> 8065.8088 | E3: 46144

Sheet FILES
A1: 文件参考
A2: =VLOOKUP("line_no",_LABELS!$A:$C,IF(LANG="EN",2,3),FALSE) -> 行号 | B2: =VLOOKUP("file_name",_LABELS!$A:$C,IF(LANG="EN",2,3),FALSE) -> 文件名 | C2: =VLOOKUP("file_type",_LABELS!$A:$C,IF(LANG="EN",2,3),FALSE) -> 类型 | D2: =VLOOKUP("required",_LABELS!$A:$C,IF(LANG="EN",2,3),FALSE) -> 必需 (是/否) | E2: =VLOOKUP("file_description",_LABELS!$A:$C,IF(LANG="EN",2,3),FALSE) -> 描述
